File/Dir	Type	Revenue Impact
CANONICAL_BUSINESS_MAP.tsv		
__init__.py		
api		
auth.py		
cli.py		
engine.py		
license.py		
main.py		
parsers		
rules		
scanner.py		
		
__init__.cpython-312.pyc		
__init__.cpython-313.pyc		
cli.cpython-312.pyc		
cli.cpython-313.pyc		
engine.cpython-312.pyc		
engine.cpython-313.pyc		
license.cpython-312.pyc		
main.cpython-312.pyc		
scanner.cpython-312.pyc		
scanner.cpython-313.pyc		
		
sis-core/src/sis/api:		
__init__.py		
endpoints.py		
schemas.py		
		
__init__.cpython-312.pyc		
endpoints.cpython-312.pyc		
schemas.cpython-312.pyc		
		
sis-core/src/sis/parsers:		
__init__.py		
arm.py		
cloudformation.py		
docker_compose.py		
kubernetes.py		
rules		
terraform.py		
terraform_simple.py		
		
__init__.cpython-312.pyc		
__init__.cpython-313.pyc		
arm.cpython-312.pyc		
arm.cpython-313.pyc		
cloudformation.cpython-312.pyc		
cloudformation.cpython-313.pyc		
docker_compose.cpython-312.pyc		
docker_compose.cpython-313.pyc		
kubernetes.cpython-312.pyc		
kubernetes.cpython-313.pyc		
terraform.cpython-312.pyc		
terraform.cpython-313.pyc		
terraform_simple.cpython-312.pyc		
terraform_simple.cpython-313.pyc		
		
sis-core/src/sis/parsers/rules:		
__init__.py		
		
sis-core/src/sis/rules:		
__init__.py		
linter.py		
		
__init__.cpython-312.pyc		
__init__.cpython-313.pyc		
linter.cpython-312.pyc		
